"","Functional","NonFunctional"
"1st Qu.",703,521.5
"3rd Qu.",917.75,1199.25
"Max.",1765,2646
"Mean",757.840909090909,900.068181818182
"Median",821.5,826
"Min.",139,193
